Workbook

Sheet Instrucciones
B1: CONSOLIDADO · SC Ads
B3: Esta hoja es de la agencia. Ningún cliente la ve.
B4: Reúne las ventas de las cinco hojas y sirve los datos al televisor.
B6: MONTAJE, UNA SOLA VEZ
B8: 1. Copia las pestañas SCADS_Ventas y SCADS_Vendedoras en la hoja de cada cliente.
B9: 2. Llena la pestaña Fuentes: el id de cada hoja sale de su URL, entre /d/ y /edit.
B10: 3. Extensiones → Apps Script: pega recolector.js y guarda.
B11: 4. Configuración del proyecto → Propiedades del script, agrega:
B12: LLAVE_TABLERO = una contraseña que inventes (la usa el televisor)
B13: META_TOKEN = el token de Meta (déjalo para después, no bloquea nada)
B14: 5. Ejecuta instalarDisparadores una sola vez y acepta los permisos.
B15: 6. Implementar → Nueva implementación → Aplicación web.
... B32: necesitas permiso de edición en las cinco hojas, no solo de lectura.

Sheet Fuentes
A1: cliente | B1: prefijo | C1: id_hoja | D1: pestana | E1: cuenta_meta | F1: meta_mes | G1: activo
A2: Dayan | B2: DAY | D2: SCADS_Ventas | F2: 20000000 | G2: Si
A3: Daniela | B3: DAN | D3: SCADS_Ventas | F3: 15000000 | G3: Si
A4: Cucalon | B4: CUC | D4: SCADS_Ventas | F4: 30000000 | G4: Si
A5: Autonal | B5: AUT | D5: SCADS_Ventas | F5: 80000000 | G5: Si
A6: Decotienda | B6: DEC | D6: SCADS_Ventas | F6: 10000000 | G6: Si
A9: prefijo: tres letras. Con eso se arman los id de las ventas (DAY-000001).
A10: cuenta_meta: se llena en la fase 2. Vacío = ese cliente muestra inversión en cero.

Sheet Registro
A1: id | B1: cliente | C1: fecha | D1: vendedora | E1: monto | F1: estado | G1: producto | H1: visto_en
A2: El recolector llena desde aquí. No escribas nada.

Sheet Trafico
A1: cliente | B1: inversion | C1: alcance | D1: interacciones | E1: actualizado

Sheet Resumen
A1: RESUMEN DEL MES EN CURSO
A2: Desde el dia 1 hasta hoy. Se calcula solo.
A3: mes inicia | B3: =EOMONTH(TODAY(),-1)+1
A4: mes termina | B4: =EOMONTH(TODAY(),0)
A5: cliente | B5: facturado (citas ya pasadas) | C5: proyectado (todo el mes) | D5: ventas | E5: inversion | F5: meta mes | G5: % meta
A6: =Fuentes!A2 | B6: =SUMIFS(Registro!$E:$E,Registro!$B:$B,$A6,Registro!$F:$F,"<>Anulada",Registro!$C:$C,">="&$B$3,Registro!$C:$C,"<="&TODAY()) | C6: =SUMIFS(Registro!$E:$E,Registro!$B:$B,$A6,Registro!$F:$F,"<>Anulada",Registro!$C:$C,">="&$B$3,Registro!$C:$C,"<="&$B$4) | D6: =COUNTIFS(Registro!$B:$B,$A6,Registro!$F:$F,"<>Anulada",Registro!$C:$C,">="&$B$3,Registro!$C:$C,"<="&$B$4) | E6: =SUMIFS(Trafico!$B:$B,Trafico!$A:$A,$A6) | F6: =Fuentes!F2 | G6: =IFERROR(B6/F6,"")
A7: =Fuentes!A3 | B7: =SUMIFS(Registro!$E:$E,Registro!$B:$B,$A7,Registro!$F:$F,"<>Anulada",Registro!$C:$C,">="&$B$3,Registro!$C:$C,"<="&TODAY()) | C7: =SUMIFS(Registro!$E:$E,Registro!$B:$B,$A7,Registro!$F:$F,"<>Anulada",Registro!$C:$C,">="&$B$3,Registro!$C:$C,"<="&$B$4) | D7: =COUNTIFS(Registro!$B:$B,$A7,Registro!$F:$F,"<>Anulada",Registro!$C:$C,">="&$B$3,Registro!$C:$C,"<="&$B$4) | E7: =SUMIFS(Trafico!$B:$B,Trafico!$A:$A,$A7) | F7: =Fuentes!F3 | G7: =IFERROR(B7/F7,"")
A8: =Fuentes!A4 | B8: =SUMIFS(Registro!$E:$E,Registro!$B:$B,$A8,Registro!$F:$F,"<>Anulada",Registro!$C:$C,">="&$B$3,Registro!$C:$C,"<="&TODAY()) | C8: =SUMIFS(Registro!$E:$E,Registro!$B:$B,$A8,Registro!$F:$F,"<>Anulada",Registro!$C:$C,">="&$B$3,Registro!$C:$C,"<="&$B$4) | D8: =COUNTIFS(Registro!$B:$B,$A8,Registro!$F:$F,"<>Anulada",Registro!$C:$C,">="&$B$3,Registro!$C:$C,"<="&$B$4) | E8: =SUMIFS(Trafico!$B:$B,Trafico!$A:$A,$A8) | F8: =Fuentes!F4 | G8: =IFERROR(B8/F8,"")
A9: =Fuentes!A5 | B9: =SUMIFS(Registro!$E:$E,Registro!$B:$B,$A9,Registro!$F:$F,"<>Anulada",Registro!$C:$C,">="&$B$3,Registro!$C:$C,"<="&TODAY()) | C9: =SUMIFS(Registro!$E:$E,Registro!$B:$B,$A9,Registro!$F:$F,"<>Anulada",Registro!$C:$C,">="&$B$3,Registro!$C:$C,"<="&$B$4) | D9: =COUNTIFS(Registro!$B:$B,$A9,Registro!$F:$F,"<>Anulada",Registro!$C:$C,">="&$B$3,Registro!$C:$C,"<="&$B$4) | E9: =SUMIFS(Trafico!$B:$B,Trafico!$A:$A,$A9) | F9: =Fuentes!F5 | G9: =IFERROR(B9/F9,"")
A10: =Fuentes!A6 | B10: =SUMIFS(Registro!$E:$E,Registro!$B:$B,$A10,Registro!$F:$F,"<>Anulada",Registro!$C:$C,">="&$B$3,Registro!$C:$C,"<="&TODAY()) | C10: =SUMIFS(Registro!$E:$E,Registro!$B:$B,$A10,Registro!$F:$F,"<>Anulada",Registro!$C:$C,">="&$B$3,Registro!$C:$C,"<="&$B$4) | D10: =COUNTIFS(Registro!$B:$B,$A10,Registro!$F:$F,"<>Anulada",Registro!$C:$C,">="&$B$3,Registro!$C:$C,"<="&$B$4) | E10: =SUMIFS(Trafico!$B:$B,Trafico!$A:$A,$A10) | F10: =Fuentes!F6 | G10: =IFERROR(B10/F10,"")
A11: TOTAL | B11: =SUM(B6:B10) | C11: =SUM(C6:C10) | D11: =SUM(D6:D10) | E11: =SUM(E6:E10) | F11: =SUM(F6:F10)
A13: Facturado = dinero recibido. Proyectado = agendado sin pagar. No se suman entre si.
A14: Las ventas Anuladas no cuentan en ninguna de las dos columnas.
